{"cameraMode":{"drawMode":0,"name":"Shaded","section":"Shading Mode"},"sceneLighting":false,"audioPlay":false,"sceneViewState":{"m_AlwaysRefresh":false,"showFog":true,"showSkybox":false,"showFlares":true,"showImageEffects":true,"showParticleSystems":true,"showVisualEffectGraphs":true,"m_FxEnabled":true},"in2DMode":false,"pivot":{"x":141.6394805908203,"y":474.0882568359375,"z":-0.4950103759765625},"rotation":{"x":0.027304302901029588,"y":-0.012000087648630143,"z":0.0003277924843132496,"w":0.9995568990707398},"size":72.75788879394531,"orthographic":false}